SatVenus.ElapsedSecs,SatVenus.ElapsedDays,SatVenus.VenusMJ2000Eq.X,SatVenus.VenusMJ2000Eq.Y,SatVenus.VenusMJ2000Eq.Z,SatVenus.VenusMJ2000Eq.VX,SatVenus.VenusMJ2000Eq.VY,SatVenus.VenusMJ2000Eq.VZ,SatVenus.Venus.VelApoapsis,SatVenus.Venus.VelPeriapsis,SatVenus.Venus.SMA,SatVenus.Venus.RadPer,SatVenus.Venus.ECC,SatVenus.VenusMJ2000Eq.INC,SatVenus.VenusMJ2000Eq.RAAN,SatVenus.VenusMJ2000Eq.AOP,SatVenus.Venus.OrbitPeriod,SatVenus.Venus.TA
0,0,217.4771075695753,-1406.651584297419,8072.29816753231,1.282806588045116,-8.297249948133821,-1.48041122901803,0.7721579060683662,8.52534848854528,49348.74400021394,8196.82637838992,0.8339000000009243,90.00000000006651,98.78869999999961,100.0000000000483,120850.051693308,359.9999991462263
59.99999988125637,0.0006944444430700969,294.1875192448497,-1902.817931775004,7974.939299495891,1.273759107189691,-8.238730440395756,-1.764185174770238,0.7721579060682013,8.525348488545315,49348.74400022427,8196.826378389998,0.8339000000009575,90.00000000005313,98.78869999999677,100.000000000041,120850.0516933459,3.573420782624335
255.229986004997,0.002954050763946725,538.6921576336026,-3484.284785076976,7543.449050230905,1.226783719010496,-7.934891544683282,-2.641531572176617,0.7721579060427792,8.525348488561054,49348.7440017579,8196.826378383405,0.8339000000062531,90.00000000005383,98.78869999999543,100.0000000003729,120850.0516989795,15.05059732202418
469.9858604231849,0.005439651162305381,794.2998348996043,-5137.56658660993,6883.758310513571,1.15012242166965,-7.439042870920584,-3.47474331801617,0.7721579060759606,8.525348488528845,49348.74399982372,8196.826378413516,0.8338999999991328,90.00000000008397,98.78870000000765,100.0000000014624,120850.0516918746,27.06005782190221
697.7372789173387,0.008075662950432161,1045.282880991697,-6760.936068486422,6009.800702469423,1.052083537099278,-6.804923014124084,-4.165705304222964,0.772157906180274,8.525348488439741,49348.7439936728,8196.826378485775,0.8338999999769655,90.00000000007793,98.7887000000065,100.0000000021809,120850.0516692801,38.70186844905476
970.4268504283391,0.011231792250328,1315.328254312277,-8507.601528953761,4790.236093915999,0.9286767565785254,-6.00672248037985,-4.735374521644067,0.7721579064783577,8.525348488192863,49348.74397605126,8196.826378677997,0.8338999999137591,90.00000000006973,98.78870000000211,100.0000000018342,120850.0516045501,50.90657448550443
1222.537910356186,0.01414974433282623,1535.573979221284,-9932.160653144121,3552.385169645771,0.8200201674026557,-5.303926838931346,-5.056171467857231,0.7721579065090396,8.525348488169046,49348.74397422824,8196.826378694843,0.8338999999072817,90.00000000007795,98.78870000001037,100.0000000015337,120850.0515978535,60.53326171782026
1485.017252911348,0.01718769968647393,1737.165797680616,-11236.06548248604,2198.640843447298,0.7181667911055793,-4.645134680338582,-5.237359608870647,0.7721579065126651,8.525348488165836,49348.74397401513,8196.826378697566,0.8338999999065092,90.00000000007797,98.78870000001237,100.0000000013594,120850.0515970706,69.05526057256756
1775.82604381023,0.02055354217372951,1931.423520721495,-12492.53305716068,661.7133459020406,0.6204405282199934,-4.013036874470156,-5.315560742632782,0.772157906507736,8.525348488168929,49348.74397431224,8196.826378696211,0.8338999999075367,90.00000000006874,98.78870000000251,100.0000000012375,120850.051598162,77.00348552137149
2109.193916001823,0.02441196662039147,2122.123167172074,-13725.98683452606,-1111.121686905622,0.5266682671961096,-3.406513728138702,-5.307112013903452,0.7721579064988349,8.52534848817835,49348.74397482658,8196.826378686694,0.8338999999094607,90.00000000006264,98.78869999999363,100.0000000011307,120850.0516000514,84.57390692060719
2499.278163886629,0.02892683060053969,2309.560327552259,-14938.33870717511,-3166.79879068397,0.4376652406648773,-2.830838202184932,-5.223137249523316,0.7721579064851064,8.525348488188904,49348.74397564288,8196.826378679345,0.8338999999123572,90.00000000006267,98.78869999999257,100.0000000010995,120850.0516030499,91.83246330581721
2956.130390998442,0.03421447211803752,2489.940207064152,-16105.04377394542,-5520.670342624187,0.355410635826984,-2.298811767268084,-5.076129034263442,0.7721579064707348,8.525348488198778,49348.74397650421,8196.826378673815,0.8338999999153683,90.0000000000604,98.78869999998622,100.0000000011401,120850.0516062139,98.71465931323665
3487.617366865743,0.04036594174613128,2658.317831531167,-17194.11772234365,-8167.291642371565,0.2814828903004809,-1.8206438279599,-4.881322137450569,0.7721579064621062,8.52534848820717,49348.74397700709,8196.826378665957,0.8338999999172202,90.00000000006636,98.78869999999921,100.0000000011948,120850.0516080612,105.1466625185536
4110.65230127424,0.04757699422771111,2812.21004717052,-18189.4994035475,-11136.28961446136,0.2156168073105924,-1.394619079750608,-4.650550213033591,0.7721579064582579,8.525348488209653,49348.74397723866,8196.826378664771,0.8338999999180237,90.0000000000652,98.78869999999527,100.0000000012741,120850.0516089118,111.1759814578685
4855.04906012211,0.05619269745511701,2949.713773109019,-19078.87960594893,-14499.92220582627,0.1567470246162141,-1.013846712379298,-4.390247149743852,0.7721579064591121,8.52534848820785,49348.74397719451,8196.826378667343,0.8338999999178229,90.00000000006808,98.78870000000633,100.000000001357,120850.0516087496,116.9093013520528
5762.226077599917,0.06669243145370274,3066.738084599376,-19835.79804677516,-18350.24759043567,0.1040415810260189,-0.6729455639343573,-4.104146244748256,0.7721579064666069,8.525348488202564,49348.74397674612,8196.826378670477,0.8338999999162502,90.00000000006591,98.78869999999597,100.0000000014164,120850.0516071025,122.4349742524671
6817.174718307797,0.0789024851655995,3151.753710910678,-20385.6828911528,-22522.64915490896,0.05951181243363557,-0.3849250442479537,-3.812961797243917,0.7721579064759669,8.525348488195322,49348.74397618983,8196.826378675574,0.8338999999142745,90.00000000006649,98.78869999999918,100.0000000014288,120850.0516050591,127.5142753948954
8046.635119593702,0.09313235092122341,3200.559059068561,-20701.35804928467,-27026.38177633099,0.02190706006369414,-0.1416958368512287,-3.52101654207768,0.7721579064853669,8.525348488187939,49348.74397563181,8196.826378680893,0.8338999999122886,90.00000000006624,98.78869999999276,100.0000000014098,120850.0516030093,132.2218465568832
9485.009714425541,0.1097802050280734,3207.973115570843,-20749.31249583513,-31876.09219482355,-0.009864749842384946,0.06380563979736031,-3.230296131924757,0.7721579064942775,8.525348488181804,49348.74397509784,8196.826378684344,0.8338999999104214,90.00000000006654,98.78869999999813,100.0000000013673,120850.0516010478,136.6282915620095
11172.8008514503,0.1293148246695637,3167.460030332208,-20487.27206240594,-37077.82343829423,-0.03665424145861618,0.2370812606098056,-2.94181875688914,0.772157906502476,8.52534848817759,49348.74397459827,8196.826378684882,0.833899999908729,90.00000000006679,98.78869999999635,100.0000000013085,120850.0515992127,140.7898915696848
13157.66651309095,0.1522878068644786,3071.128640063107,-19864.19635456055,-42625.07785221562,-0.05913089014152106,0.3824612219063823,-2.655927179291934,0.7721579065100113,8.525348488171714,49348.74397415071,8196.826378689071,0.8338999999071377,90.00000000006634,98.78870000000083,100.000000001246,120850.0515975687,144.7533974545111
15492.56348814815,0.1793120774091221,2909.978794790804,-18821.87200283632,-48486.37647951208,-0.07780353400148332,0.5032367111695297,-2.372780651640561,0.7721579065166935,8.525348488167674,49348.74397374703,8196.826378690626,0.8338999999057475,90.00000000006612,98.78870000000147,100.0000000011776,120850.0515960858,148.5550536163832
18192.56348814815,0.2105620774091221,2678.324637174606,-17323.52262960002,-54509.34453838691,-0.09287305983577721,0.6007070731202493,-2.096349011293853,0.7721579065216803,8.525348488164983,49348.7439734439,8196.82637869119,0.8338999999047157,90.00000000006746,98.78869999999637,100.0000000011196,120850.0515949723,152.1730306764937
20892.56348814815,0.2418120774091221,2412.452258370817,-15603.84828291088,-59841.79541008919,-0.1034736163051972,0.6692719428659792,-1.859148022165571,0.7721579065227339,8.525348488164024,49348.74397338212,8196.826378692027,0.8338999999044908,90.00000000006492,98.78870000000398,100.0000000011057,120850.0515947453,155.2193755704036
23592.56348814815,0.2730620774091221,2122.231240019202,-13726.68585495651,-64574.55416248925,-0.1110949779708497,0.7185672483908405,-1.650736302328705,0.7721579065229806,8.525348488163866,49348.74397336727,8196.826378692105,0.8338999999044393,90.00000000006517,98.78870000000265,100.0000000011024,120850.0515946908,157.860825385919
26292.56348814815,0.3043120774091221,1814.416557058692,-11735.72682344913,-68775.34479301982,-0.116620160386443,0.7543043734884218,-1.464140674454329,0.7721579065230691,8.525348488163692,49348.74397336261,8196.826378692343,0.8338999999044188,90.000000000068,98.78869999999672,100.0000000011007,120850.0515946737,160.2035644499072
28992.56348814815,0.3355620774091221,1493.863652765751,-9662.376410942525,-72496.12668885477,-0.1206044932026611,0.7800752149873702,-1.294491769676502,0.7721579065230495,8.525348488164216,49348.74397336083,8196.826378691396,0.833899999904432,90.00000000006723,98.78869999999843,100.0000000011016,120850.0515946672,162.3191607671815
31692.56348814815,0.3668120774091221,1164.206734962761,-7530.140834964812,-75777.65016952157,-0.1234134630226134,0.7982437564585538,-1.138260546910931,0.7721579065231008,8.525348488163711,49348.74397336048,8196.82637869228,0.8338999999044129,90.00000000006557,98.7887000000009,100.0000000010999,120850.0515946659,164.2580855402467
34392.56348814815,0.3980620774091221,828.2623846158385,-5357.237866248935,-78652.41567757167,-0.125296190438303,0.8104213209481319,-0.9928070912011218,0.7721579065230731,8.525348488164049,49348.7439733603,8196.826378691685,0.8338999999044243,90.00000000006625,98.78869999999992,100.0000000011012,120850.0515946652,166.0572915358907
37092.56348814815,0.4293120774091221,488.2825240641832,-3158.23303842172,-81146.66863677278,-0.1264270451290486,0.8177357392812574,-0.8561012601819176,0.7721579065230789,8.525348488163907,49348.74397336075,8196.826378691941,0.8338999999044207,90.00000000006794,98.78869999999817,100.0000000011012,120850.0515946669,167.7447164097649
39792.56348814815,0.4605620774091221,146.1200697273016,-945.1110971048474,-83281.78583856113,-0.1269303996075992,0.8209914583906137,-0.7265426690795262,0.7721579065230622,8.525348488164113,49348.74397336062,8196.826378691576,0.8338999999044276,90.0000000000685,98.78869999999789,100.0000000011024,120850.0515946664,169.3420910344978
42492.56348814815,0.4918120774091221,-196.6583462134004,1271.994911238551,-85075.26316109858,-0.1268959512877021,0.8207686451294904,-0.6028405616648995,0.7721579065230887,8.525348488163827,49348.74397336059,8196.826378692078,0.8338999999044173,90.0000000000658,98.78870000000013,100.0000000011004,120850.0515946663,170.8667642679979
45192.56348814815,0.5230620774091221,-538.6929232850671,3484.289736717939,-86541.43325482123,-0.126388513187333,0.8174865129748543,-0.4839310949138045,0.7721579065230743,8.525348488163973,49348.74397336066,8196.826378691821,0.8338999999044228,90.00000000006794,98.78869999999876,100.000000001102,120850.0515946666,172.332932310369
47892.56348814815,0.5543120774091221,-878.7727514728904,5683.941159684211,-87691.99471827224,-0.1254544222352401,0.8114447712384898,-0.3689187102155937,0.7721579065230846,8.525348488163932,49348.74397336024,8196.826378691889,0.83389999990442,90.00000000006744,98.7886999999992,100.0000000011009,120850.051594665,173.7524948853741
50592.56348814815,0.5855620774091221,-1215.792060926557,7863.797011651099,-88536.40587429889,-0.1241257974738232,0.8028511673122321,-0.257033396306158,0.772157906523089,8.525348488163869,49348.74397336031,8196.826378692,0.833899999904418,90.0000000000659,98.78869999999984,100.0000000011001,120850.0515946652,175.1356709866091
53292.56348814815,0.6168120774091221,-1548.715925402939,10017.16334370151,-89082.17851059884,-0.1224233775857844,0.7918398399162854,-0.1475986333109574,0.7721579065230872,8.525348488163875,49348.7439733604,8196.826378691992,0.8338999999044184,90.00000000006759,98.78869999999939,100.0000000011003,120850.0515946656,176.4914566030953
55992.56348814815,0.6480620774091221,-1876.552228420973,12137.62310247496,-89335.09549278021,-0.1203583790547649,0.7784833377646727,-0.04000659458625444,0.7721579065230834,8.525348488163838,49348.74397336086,8196.826378692063,0.8338999999044185,90.00000000006504,98.78869999999969,100.0000000011018,120850.0515946673,177.8279775703384
58692.56348814815,0.6793120774091221,-2198.327640905976,14218.88075223938,-89299.36851141416,-0.1179336437589642,0.7628000422517349,0.06630172197874007,0.7721579065230839,8.525348488163848,49348.74397336076,8196.826378692042,0.8338999999044187,90.00000000006595,98.78869999999955,100.000000001102,120850.0515946669,179.1527732513925
61392.56348814815,0.7105620774091221,-2513.065927371383,16254.62195856869,-88977.74692750722,-0.1151442360600079,0.7447580294493967,0.1718530823162823,0.7721579065230841,8.525348488163896,49348.74397336046,8196.826378691954,0.8338999999044194,90.00000000006716,98.78869999999978,100.0000000011,120850.0515946658,180.473036255147
64092.56348814815,0.7418120774091221,-2819.767225190997,18238.37956566364,-88371.58484014496,-0.1119775759490569,0.7242759313021434,0.2771565545668109,0.7721579065230875,8.525348488163907,49348.74397336019,8196.826378691931,0.833899999904419,90.00000000006447,98.78869999999887,100.0000000011018,120850.0515946648,181.7958271973301
66792.56348814815,0.7730620774091221,-3117.387097939849,20163.39811226353,-87480.87054249644,-0.1084131397196932,0.7012209995659333,0.3827169817493412,0.7721579065230849,8.525348488163905,49348.74397336038,8196.82637869194,0.8338999999044194,90.00000000006781,98.78870000000029,100.0000000011006,120850.0515946655,183.1282801673872
69492.56348814815,0.8043120774091221,-3404.814183600247,22022.48925961927,-86304.22006374039,-0.104421711858584,0.6754042670038114,0.489048251248601,0.7721579065230869,8.52534848816379,49348.74397336091,8196.826378692149,0.833899999904417,90.00000000006722,98.78870000000012,100.0000000011013,120850.0515946675,184.4778133548025
72192.56348814815,0.8355620774091221,-3680.845149427652,23807.86979808658,-84838.83421443775,-0.09996412257674159,0.6465723816820894,0.5966872036583029,0.7721579065230769,8.52534848816406,49348.74397335999,8196.826378691661,0.8338999999044238,90.00000000006672,98.78869999999976,100.0000000010996,120850.0515946641,185.8523599574961
74892.56348814815,0.8668120774091221,-3944.155410706997,25510.972254958,-83080.41619529948,-0.09498934566611794,0.6143953038223398,0.7062091017932577,0.7721579065230909,8.525348488163845,49348.74397336034,8196.826378692043,0.8338999999044172,90.00000000006469,98.78869999999753,100.0000000011013,120850.0515946654,187.2606371826165
77592.56348814815,0.8980620774091221,-4193.263628721237,27122.21526561305,-81023.04411333427,-0.08943174952362387,0.5784485253027665,0.8182457720288303,0.7721579065230729,8.525348488164026,49348.74397336045,8196.826378691727,0.833899999904424,90.00000000006511,98.78869999999769,100.0000000010997,120850.0515946658,188.7124764331745
80292.56348814815,0.9293120774091221,-4426.48729109019,28630.71626531333,-78658.98932552524,-0.08320717248408638,0.5381876847375757,0.9335078715973482,0.7721579065230737,8.525348488164042,49348.7439733603,8196.826378691698,0.8338999999044241,90.00000000006663,98.78869999999981,100.0000000010999,120850.0515946652,190.219246851312
82992.56348814815,0.9605620774091221,-4641.885551854968,30023.92177628353,-75978.46690816619,-0.07620730223679484,0.4929122132937085,1.052813296717505,0.772157906523099,8.525348488163694,49348.7439733607,8196.826378692316,0.8338999999044129,90.00000000006706,98.78870000000076,100.0000000011016,120850.0515946667,191.7944194913794
85692.56348814815,0.9918120774091221,-4837.183716073632,31287.11897070333,-72969.29798594862,-0.06829152492044788,0.4417126142752075,1.177124650285908,0.772157906523079,8.525348488164076,49348.74397335976,8196.826378691629,0.8338999999044236,90.00000000006521,98.78869999999624,100.0000000011006,120850.0515946632,193.4543446220231
88392.56348814815,1.023062077409122,-5009.670843221247,32402.77336483821,-69616.45396078005,-0.05927487318050417,0.3833925106232456,1.307600149230184,0.7721579065231068,8.525348488163599,49348.74397336074,8196.826378692482,0.8338999999044097,90.00000000006662,98.78869999999996,100.0000000011015,120850.0515946668,195.2193576866153
91092.56348814815,1.054312077409122,-5156.05708322674,33349.60606250912,-65901.4378866367,-0.04890974988424457,0.3163504330939357,1.445664750723807,0.7721579065230965,8.525348488163729,49348.74397336065,8196.826378692254,0.833899999904414,90.00000000006594,98.78869999999702,100.0000000011008,120850.0515946665,197.1154051843087
93792.56348814815,1.085562077409122,-5272.268953360617,34101.26959656924,-61801.43497937731,-0.03685733702812577,0.2383948918021339,1.593112297273215,0.7721579065231504,8.52534848816318,49348.74397336038,8196.826378693217,0.8338999999043936,90.00000000006594,98.78869999999581,100.0000000011021,120850.0515946655,199.1765203772385
96492.56348814815,1.116812077409122,-5353.145601853728,34624.38334869593,-57288.12663528882,-0.02264115470566885,0.1464439935644606,1.752256370683805,0.7721579065232234,8.525348488162972,49348.74397335693,8196.826378693537,0.8338999999043755,90.00000000006663,98.78870000000101,100.0000000011033,120850.0515946528,201.4487448557713
99192.56348814815,1.148062077409122,-5391.970352530479,34875.50355933607,-52325.99984539486,-0.005568120943680199,0.03601485341626542,1.926159575687924,0.7721579065233919,8.525348488163415,49348.74397334359,8196.826378692571,0.8338999999043502,90.00000000006649,98.78869999999861,100.0000000011066,120850.0515946038,203.9966325648955
101892.5634881482,1.179312077409122,-5379.713927999139,34796.22846153378,-46869.87778150849,0.0154132761429544,-0.09969375418609516,2.118992077196759,0.7721579065240968,8.525348488163983,49348.74397329525,8196.826378690901,0.8338999999042213,90.00000000006682,98.78869999999334,100.0000000011199,120850.0515944263,206.9146483713672
104592.5634881482,1.210562077409122,-5303.740321710706,34304.82780405134,-40861.21596931294,0.04198594580836623,-0.2715669609932743,2.336605653674523,0.7721579065276077,8.525348488165173,49348.74397306397,8196.826378685611,0.83389999990355,90.00000000006705,98.78869999999527,100.000000001182,120850.0515935767,210.3485518899741
107292.5634881482,1.241812077409122,-5145.428679592907,33280.86107629538,-34222.41283572279,0.07703765674021668,-0.4982829830489948,2.587455417976435,0.7721579065497888,8.525348488161418,49348.74397166811,8196.826378672977,0.8338999998991078,90.00000000006648,98.78869999999988,100.0000000015218,120850.0515884492,214.5391513829406
109430.3175895242,1.266554601730604,-4942.865076519549,31970.67070097476,-28450.76594360732,0.1142388343866951,-0.7389018512179533,2.817664440594152,0.7721579065640057,8.525348488158052,49348.743970779,8196.826378666648,0.8338999998962434,90.00000000006506,98.78870000000511,100.0000000017085,120850.0515851832,218.6698802250307
111242.8192607593,1.287532630332862,-4699.572331808507,30397.0424298346,-23145.44362534955,0.1562312761103009,-1.010510828095375,3.041382067665706,0.7721579065811052,8.525348488154078,49348.74396970917,8196.826378658898,0.8338999998927996,90.00000000006732,98.78869999999725,100.0000000019039,120850.0515812534,223.0386500565096
112783.912914712,1.305369362438796,-4423.858277089894,28613.71168652922,-18295.63581142947,0.203886646889357,-1.318747881449417,3.256747336331127,0.7721579066019171,8.525348488150353,49348.74396840064,8196.826378647416,0.833899999888628,90.000000000066,98.78870000000093,100.00000000211,120850.0515764467,227.7114743496117
114103.9488387178,1.320647556003678,-4120.402824878693,26650.94835297763,-13863.6245496124,0.258562025263525,-1.672390655507812,3.46125373393591,0.7721579066281762,8.525348488140656,49348.74396677854,8196.826378642136,0.8338999998832752,90.00000000006919,98.78869999999415,100.0000000023037,120850.0515704881,232.7929965858509
115249.81203106,1.333909861470602,-3789.325618252158,24509.52628587931,-9789.549030974507,0.3225212137211813,-2.086081525242985,3.650910861413925,0.7721579066648687,8.525348488129069,49348.74396450059,8196.826378631144,0.8338999998758307,90.00000000007151,98.78869999999101,100.0000000025018,120850.0515621204,238.4594440205332
116247.5515335216,1.345457772378722,-3431.744624771178,22196.67654901743,-6064.192160852253,0.3981657115726325,-2.575353494783293,3.814883576760374,0.7721579067103124,8.525348488114314,49348.74396168168,8196.826378618274,0.8338999998666036,90.00000000006466,98.78870000000235,100.0000000025859,120850.0515517656,244.8906967668703
117090.1077076443,1.355209579949587,-3061.517545379698,19802.03136722744,-2798.353119116277,0.4850668160466247,-3.137433695576691,3.930907101159895,0.7721579067324036,8.525348488123662,49348.74396021573,8196.826378581572,0.8338999998624131,90.00000000006796,98.78869999999782,100.0000000024264,120850.0515463807,252.0496536632483
117748.3484574943,1.362828107146925,-2713.769868560135,17552.7839589864,-192.736060788855,0.5756029218880743,-3.723025246552833,3.975315809391565,0.7721579067146115,8.525348488145747,49348.74396122498,8196.82637855655,0.8338999998663171,90.00000000006473,98.78870000000151,100.0000000022053,120850.051550088,259.3782824417738
118286.5792338504,1.369057630021416,-2379.268645785749,15389.21520345658,1941.537389174104,0.6711889436256699,-4.341279877683526,3.939872199447147,0.7721579066764297,8.525348488178031,49348.74396347831,8196.826378530712,0.8338999998744251,90.00000000006816,98.78869999999816,100.0000000020355,120850.0515583652,267.1070127095541
118750.1603833633,1.374423152585223,-2045.013378486037,13227.23729882389,3741.633488735184,0.7745406654905658,-5.009763401914579,3.803938698535526,0.7721579066058445,8.525348488227831,49348.74396770116,8196.826378501155,0.8338999998892375,90.00000000005546,98.78870000000791,100.0000000019443,120850.0515738773,275.6184436433667
119159.3173099332,1.379158765161264,-1706.073398344219,11034.95846364647,5249.118841899559,0.8854891265554343,-5.727382972469057,3.533913118392406,0.7721579065033852,8.525348488302965,49348.74397381442,8196.826378453005,0.8338999999107894,90.00000000007438,98.78869999999482,100.0000000022811,120850.0515963334,285.1780153486504
119493.3802070213,1.383025233877561,-1393.116016499698,9010.736227460206,6369.049220073968,0.9900583775276646,-6.403741529007664,3.137873825915769,0.7721579064670199,8.525348488325665,49348.74397600716,8196.826378443229,0.8338999999183679,90.00000000008539,98.78869999999047,100.0000000027381,120850.051604388,294.9354444881274
119774.2809587857,1.386276399985945,-1101.807328574359,7126.538704350591,7182.48570374772,1.084555849375013,-7.014955371137226,2.620554305591158,0.7721579064781579,8.525348488312865,49348.74397536941,8196.826378457001,0.8338999999159423,90.00000000004903,98.78870000000607,100.0000000030775,120850.0516020454,304.8856642564562
120025.6768901367,1.389186075117323,-818.5596750676632,5294.480309702456,7763.337315917015,1.167909519296288,-7.55409060779861,1.967208156164415,0.7721579065239322,8.52534848827122,49348.74397268503,8196.826378493402,0.8338999999061695,90.00000000006308,98.78870000000049,100.0000000032177,120850.0515921847,315.3909191772991
120275.41325778,1.392076542335417,-517.610847659409,3347.929936572909,8152.085881516337,1.239216640340847,-8.015308231647673,1.110781094701872,0.7721579066724519,8.525348488134982,49348.74396398172,8196.826378613561,0.8338999998744406,90.0000000000507,98.78870000000178,100.0000000024436,120850.0515602144,327.4340293806191
120511.4793487242,1.394808788758382,-219.2987876236439,1418.434291861951,8300.328194541857,1.283210632806339,-8.299863327570549,0.1189401324040751,0.7721579067849589,8.525348488021169,49348.74395745017,8196.826378724136,0.8338999998502158,90.00000000006249,98.78869999999966,100.0000000000252,120850.0515362218,340.1894699448083
120747.1249471419,1.397536168369697,84.90100157260895,-549.1434464007616,8199.337476469576,1.291971959015616,-8.356531974367082,-0.9874879948536872,0.772157906703412,8.52534848805438,49348.74396246962,8196.826378734822,0.8338999998668939,90.00000000005765,98.78869999999857,99.99999999620553,120850.05155466,353.8769977864477
120978.6740036448,1.400216134301445,381.14939340204,-2465.291193559766,7842.916719602421,1.260183472117274,-8.15092263020286,-2.082225008069318,0.772157906486369,8.525348488205479,49348.74397546625,8196.826378647684,0.8338999999124043,90.00000000007256,98.78870000000114,99.99999999563111,120850.0516024011,7.64420488815299
121202.7275107568,1.402809346189315,656.7125519365072,-4247.645933702588,7266.378372475505,1.194655228058408,-7.727083039203249,-3.03989303141239,0.772157906451734,8.52534848821991,49348.74397759624,8196.82637865162,0.8338999999194937,90.00000000005053,98.7886999999934,99.99999999734412,120850.0516102253,20.604602454203
121217.5719996798,1.402981157403701,674.4072790518403,-4362.096214048564,7220.822422793135,1.189340676845455,-7.692708286074826,-3.097734943246114,0.7721579064519567,8.525348488220027,49348.74397758133,8196.826378651209,0.8338999999194519,90.00000000005718,98.78869999999604,99.99999999733932,120850.0516101705,21.43648229111045
121277.571999561,1.403675601846771,729.113623008132,-4715.943414032459,7057.206657536328,0.9004914683961784,-5.824487727872761,-2.839798469072782,4.777953118345924,7.004151962278836,9707.265828192765,7873.102593643997,0.1889474613151952,90.00004835533218,98.78862089466126,65.58705372898451,10543.33653366675,58.47889184967987
121492.1778465039,1.406159465816017,913.0193749591708,-5905.46866940707,6366.950329111889,0.8111709103729989,-5.246757153007035,-3.571452403847925,4.777953118353953,7.004151962265338,9707.265828195161,7873.102593662824,0.1889474613134558,90.00004835533066,98.78862089466161,65.58705372934932,10543.33653367066,67.59700163998552
121746.6837366577,1.409105135840946,1104.463525757194,-7143.754789710045,5365.172795303166,0.6913059431388096,-4.471461996634964,-4.270412002628095,4.777953118387017,7.004151962216209,9707.265828196074,7873.102593728782,0.1889474613067373,90.00004835531091,98.78862089464448,65.58705372995188,10543.33653367214,77.82970920827269
122016.5365540422,1.412228432338452,1272.76277924329,-8232.338581249118,4134.70989818126,0.5550404906534494,-3.590085960659058,-4.816733193036915,4.777953118418814,7.004151962164292,9707.265828203426,7873.102593800585,0.1889474612999548,90.0000483553203,98.7886208946515,65.58705373006758,10543.33653368412,88.0152100710965
122300.0676991534,1.415510042814276,1409.391980484128,-9116.078262083232,2711.278899708763,0.4086822424844652,-2.643427731999244,-5.191911616392764,4.777953118452186,7.004151962119593,9707.265828197575,7873.102593858397,0.1889474612935103,90.00004835532873,98.78862089466492,65.58705372953253,10543.33653367459,98.03355581179389
122598.1251491234,1.418959781818558,1508.501698330045,-9757.138915993273,1129.278859034181,0.2571449431406885,-1.66326990165097,-5.392835684092937,4.777953118473302,7.00415196207874,9707.265828211292,7873.102593917509,0.188947461288567,90.0000483553244,98.78862089465559,65.58705372896921,10543.33653369694,107.8878228183682
122911.581788538,1.422587752182153,1565.00034083426,-10122.58737190813,-570.1590083185583,0.1048342240474662,-0.6781085629512216,-5.421891671272677,4.777953118489529,7.004151962046728,9707.265828222693,7873.10259396404,0.1889474612847262,90.00004835532624,98.78862089466689,65.58705372821711,10543.33653371551,117.5989758751661
123240.9523525857,1.426399911488261,1574.638389721513,-10184.93703323603,-2337.698774319142,-0.04425019437598365,0.286185645361634,-5.2850524701098,4.777953118499702,7.004151962012948,9707.265828248841,7873.102594017786,0.1889474612813741,90.00004835532579,98.78862089464505,65.58705372761389,10543.33653375811,127.1931005367225
123586.2380743492,1.430396274008672,1534.37192595005,-9924.499198436737,-4115.773646740243,-0.1864781023217121,1.206132102695541,-4.99095971945219,4.777953118507251,7.00415196198601,9707.265828270836,7873.102594061022,0.1889474612787581,90.00004835532631,98.78862089465285,65.58705372697855,10543.33653379395,136.6986911720652
123946.8184752739,1.434569658278633,1442.805746719241,-9332.249193899333,-5839.65943759121,-0.3185503992432537,2.060391825894511,-4.550345260235025,4.777953118513592,7.004151961954562,9707.265828301537,7873.102594113147,0.1889474612759534,90.00004835533205,98.78862089464266,65.58705372641342,10543.33653384396,146.1457353299555
124321.385435632,1.438904924023518,1300.632455699146,-8412.666467532516,-7439.788428580388,-0.4374589489181595,2.82950780961046,-3.975672056738688,4.77795311851887,7.004151961919187,9707.26582833984,7873.102594173021,0.1889474612729856,90.00004835532378,98.78862089465967,65.58705372592169,10543.33653390637,155.5655023678094
124707.9292732291,1.443378811032744,1110.983350560069,-7186.004185475409,-8845.292980242521,-0.5404468709484904,3.495648188642969,-3.280948558524837,4.77795311852408,7.004151961883956,9707.265828378086,7873.102594232687,0.1889474612700346,90.00004835533717,98.78862089464667,65.58705372541807,10543.33653396868,164.9906259250058
125103.7791010109,1.4479604062617,879.6142029538751,-5689.490900881588,-9988.524330835789,-0.6249708220673149,4.042362269587246,-2.481717401543171,4.777953118529391,7.004151961840685,9707.265828427266,7873.102594306691,0.1889474612665201,90.00004835532629,98.78862089465713,65.58705372490256,10543.3365340488,174.4550913703768
125505.696490116,1.452612227894861,614.8681979998946,-3977.0908709988,-10810.11905175447,-0.6886722972733903,4.454394902598086,-1.595237188144607,4.777953118534434,7.004151961793019,9707.265828483083,7873.102594388753,0.1889474612627299,90.00004835532701,98.78862089465717,65.58705372415938,10543.33653413974,183.9938905609523
125910.016957554,1.457291862934653,327.3848128765821,-2117.621081523597,-11264.06751959771,-0.729370703942096,4.717641681912644,-0.6408644267826684,4.777953118536925,7.004151961741954,9707.265828548794,7873.102594478612,0.1889474612589634,90.00004835533365,98.7886208946567,65.5870537231124,10543.33653424679,193.64218734464
126312.8322911449,1.461954077443806,29.55183763802052,-191.2068853005767,-11322.18601941504,-0.7450956120687113,4.819357540754522,0.3594018659868525,4.777953118535867,7.004151961690895,9707.265828621707,7873.102594570831,0.1889474612555553,90.00004835534308,98.78862089465918,65.58705372200339,10543.33653436558,203.4339531941979
126710.203609115,1.466553282512905,-265.2708521038294,1715.738698303699,-10977.38429603912,-0.7341760738642247,4.748734476381449,1.380314610055799,4.777953118530164,7.004151961638303,9707.265828706184,7873.102594668902,0.1889474612525106,90.00004835533912,98.78862089466188,65.58705372080952,10543.33653450321,213.400102110407
127098.3921571635,1.471046205522725,-543.6932986006141,3516.607950672507,-10245.17113224231,-0.6953998473061853,4.497931421811332,2.392892645462985,4.777953118517692,7.004151961587481,9707.265828801957,7873.102594768324,0.1889474612502706,90.00004835534281,98.78862089466718,65.58705371951689,10543.33653465924,223.5662646780572
127474.0899537108,1.47539455964943,-793.3043178096414,5131.123841814697,-9162.979922462255,-0.6282424340308328,4.063555685978185,3.364304551549798,4.777953118501826,7.004151961534447,9707.265828907694,7873.102594873978,0.1889474612482209,90.00004835532259,98.78862089465581,65.58705371838464,10543.33653483151,233.9504569523546
127834.628718684,1.479567462021805,-1003.61742772907,6491.458409182727,-7787.160947106779,-0.5331444139032477,3.448456785401973,4.258404307750493,4.777953118482619,7.004151961487169,9707.265829012238,7873.102594971546,0.1889474612469047,90.00004835533075,98.78862089466473,65.58705371747287,10543.33653500183,244.561061549804
128178.142342146,1.483543314145209,-1166.809854283929,7547.012752689421,-6187.885117337108,-0.4117891298392582,2.663522546153601,5.0371414735034,4.777953118469657,7.004151961424828,9707.265829124974,7873.102595091941,0.1889474612439213,90.00004835531486,98.78862089463874,65.58705371670226,10543.3365351855,255.3956163535057
128503.6567236297,1.487310841708677,-1278.129295952618,8267.04806573689,-4442.689430180937,-0.2673130643506925,1.729039853973696,5.662886559404201,4.777953118466939,7.004151961351166,9707.265829232589,7873.102595225782,0.1889474612391249,90.00004835531813,98.7886208946353,65.5870537158582,10543.33653536083,266.4407309909121
128811.0894364421,1.490869090699562,-1335.908345416188,8640.778953164816,-2629.784535005689,-0.1043808899302832,0.6751801046609494,6.101459665791184,4.777953118479345,7.004151961270447,9707.265829319254,7873.102595362166,0.1889474612323163,90.00004835532491,98.78862089465602,65.58705371471719,10543.33653550202,277.6731117231058
129101.1594803422,1.494226382874331,-1341.222603924572,8675.162111222744,-822.3144689779729,0.07091941213159547,-0.4586791600598108,6.325428881684953,4.777953118495675,7.004151961176326,9707.265829416521,7873.102595519944,0.1889474612241895,90.0000483553244,98.78862089466743,65.58705371231135,10543.33653566049,289.0612916851352
129375.2307435265,1.497398503976001,-1297.314720965922,8391.170978330076,915.6013344787061,0.2513700889939754,-1.625852865034272,6.317152820032751,4.777953118509441,7.004151961090425,9707.265829507605,7873.102595664704,0.1889474612168871,90.00004835532445,98.78862089466031,65.58705370875923,10543.33653580888,300.5675803033704
129635.1299671805,1.500406596842367,-1208.93851301074,7819.553438097239,2530.836188660935,0.4290821598941408,-2.775314296681,6.071072597845657,4.777953118499006,7.004151961026971,9707.265829616748,7873.102595785404,0.1889474612135721,90.00004835533123,98.78862089464459,65.58705370414657,10543.33653598669,312.1500670364044
129882.9808567185,1.503275241397205,-1081.746540077031,6996.870602831244,3981.560895182192,0.5960696868911644,-3.855409539362689,5.594843298948909,4.777953118458099,7.004151960996173,9707.265829742542,7873.102595867938,0.18894746121558,90.00004835533394,98.78862089464518,65.58705369915347,10543.33653619164,323.7649327526597
130121.0800700588,1.506031019329384,-921.7860934510827,5962.236805401742,5236.412085805088,0.7448639777058697,-4.817830204621046,4.909029799967046,4.777953118384842,7.004151961002464,9707.265829882659,7873.102595905617,0.1889474612234054,90.00004835533973,98.78862089464313,65.58705369485882,10543.33653641991,335.3693325108775
130351.8180781044,1.508701598126208,-735.1261934041977,4754.90697337687,6272.971247501671,0.8690691215078674,-5.621206703850172,4.045352420454348,4.777953118288171,7.004151961036396,9707.265830032035,7873.102595909397,0.1889474612354965,90.00004835533674,98.78862089464958,65.58705369203221,10543.33653666328,346.9245730235774
130577.6306819287,1.51131516992973,-527.6252730190754,3412.773973561823,7075.87625393644,0.9637649873461802,-6.233714899577009,3.043842725099302,4.777953118185203,7.004151961082564,9707.265830177248,7873.102595895457,0.1889474612490652,90.00004835530353,98.78862089466827,65.58705369106671,10543.33653689986,358.3986624039112
130609.0479737381,1.511678795992339,-497.17639169842,3215.827972277999,7169.17084283568,0.9744809608778198,-6.303027748540563,2.894887347022509,4.777953118183558,7.004151961082562,9707.265830180591,7873.102595896558,0.1889474612492311,90.0000483553202,98.78862089466071,65.58705369112022,10543.3365369053,1.478779333471098e-06
